<?xml version="1.0"?>
<SetunaOption xmlns:xsi="http://www.w3.org/2001/XMLSchema-instance" xmlns:xsd="http://www.w3.org/2001/XMLSchema">
  <Difficult>false</Difficult>
  <Setuna>
    <AppType>ApplicationMode</AppType>
    <ShowMainWindow>true</ShowMainWindow>
    <DupType>Normal</DupType>
    <ShowSplashWindow>true</ShowSplashWindow>
    <SelectLineSolid>false</SelectLineSolid>
    <SelectLineColorR>0</SelectLineColorR>
    <SelectLineColorG>0</SelectLineColorG>
    <SelectLineColorB>0</SelectLineColorB>
    <SelectBackColorR>0</SelectBackColorR>
    <SelectBackColorG>0</SelectBackColorG>
    <SelectBackColorB>139</SelectBackColorB>
    <SelectAreaTransparent>80</SelectAreaTransparent>
    <DustBoxEnable>true</DustBoxEnable>
    <DustBoxCapacity>5</DustBoxCapacity>
    <ClickCapture7>false</ClickCapture7>
    <ClickCapture8>true</ClickCapture8>
    <ClickCapture9>false</ClickCapture9>
    <ClickCapture4>false</ClickCapture4>
    <ClickCapture6>false</ClickCapture6>
    <ClickCapture1>false</ClickCapture1>
    <ClickCapture2>false</ClickCapture2>
    <ClickCapture3>false</ClickCapture3>
  </Setuna>
  <Scrap>
    <CreateStyleID>39</CreateStyleID>
    <WClickStyleID>40</WClickStyleID>
    <ImageDrag>true</ImageDrag>
    <InactiveAlphaChange>true</InactiveAlphaChange>
    <InactiveLineChange>false</InactiveLineChange>
    <InactiveLineColor>
      <R>0</R>
      <G>0</G>
      <B>0</B>
    </InactiveLineColor>
    <MouseOverAlphaChange>true</MouseOverAlphaChange>
    <MouseOverLineChange>false</MouseOverLineChange>
    <MouseOverLineColor>
      <R>0</R>
      <G>0</G>
      <B>0</B>
    </MouseOverLineColor>
    <SubMenuStyles>
      <int>38</int>
      <int>-4</int>
      <int>-6</int>
      <int>-7</int>
      <int>-8</int>
      <int>-10</int>
      <int>-5</int>
      <int>-4</int>
      <int>1</int>
      <int>3</int>
      <int>5</int>
      <int>6</int>
      <int>-4</int>
      <int>27</int>
      <int>32</int>
      <int>33</int>
      <int>13</int>
      <int>11</int>
      <int>-4</int>
      <int>8</int>
      <int>9</int>
      <int>10</int>
    </SubMenuStyles>
    <InactiveAlphaValue>10</InactiveAlphaValue>
    <InactiveLineValue>1</InactiveLineValue>
    <MouseOverAlphaValue>90</MouseOverAlphaValue>
    <MouseOverLineValue>1</MouseOverLineValue>
  </Scrap>
  <Styles>
    <CStyle>
      <Items>
        <CStyleItem xsi:type="CCopyStyleItem">
          <CopyFromSource>true</CopyFromSource>
        </CStyleItem>
      </Items>
      <KeyItems>
        <KeyItem>
          <_key>131139</_key>
        </KeyItem>
      </KeyItems>
      <StyleName>复制</StyleName>
      <StyleID>1</StyleID>
    </CStyle>
    <CStyle>
      <Items>
        <CStyleItem xsi:type="CCopyStyleItem">
          <CopyFromSource>false</CopyFromSource>
        </CStyleItem>
      </Items>
      <KeyItems>
        <KeyItem>
          <_key>196675</_key>
        </KeyItem>
      </KeyItems>
      <StyleName>复制（有边框）</StyleName>
      <StyleID>2</StyleID>
    </CStyle>
    <CStyle>
      <Items>
        <CStyleItem xsi:type="CCopyStyleItem">
          <CopyFromSource>true</CopyFromSource>
        </CStyleItem>
        <CStyleItem xsi:type="CCloseStyleItem" />
      </Items>
      <KeyItems>
        <KeyItem>
          <_key>131160</_key>
        </KeyItem>
      </KeyItems>
      <StyleName>剪切</StyleName>
      <StyleID>3</StyleID>
    </CStyle>
    <CStyle>
      <Items>
        <CStyleItem xsi:type="CCopyStyleItem">
          <CopyFromSource>false</CopyFromSource>
        </CStyleItem>
        <CStyleItem xsi:type="CCloseStyleItem" />
      </Items>
      <KeyItems>
        <KeyItem>
          <_key>196696</_key>
        </KeyItem>
      </KeyItems>
      <StyleName>剪切（有边框）</StyleName>
      <StyleID>4</StyleID>
    </CStyle>
    <CStyle>
      <Items>
        <CStyleItem xsi:type="CPasteStyleItem" />
      </Items>
      <KeyItems>
        <KeyItem>
          <_key>131158</_key>
        </KeyItem>
      </KeyItems>
      <StyleName>粘贴</StyleName>
      <StyleID>5</StyleID>
    </CStyle>
    <CStyle>
      <Items>
        <CStyleItem xsi:type="CImageJpegStyleItem">
          <HaveMargin>false</HaveMargin>
          <CopyPath>false</CopyPath>
          <FileNameType>SaveAs</FileNameType>
          <DupliType>OverWrite</DupliType>
          <Quality>100</Quality>
          <ShowPreview>true</ShowPreview>
        </CStyleItem>
      </Items>
      <KeyItems>
        <KeyItem>
          <_key>131155</_key>
        </KeyItem>
      </KeyItems>
      <StyleName>保存</StyleName>
      <StyleID>6</StyleID>
    </CStyle>
    <CStyle>
      <Items>
        <CStyleItem xsi:type="CImageJpegStyleItem">
          <HaveMargin>true</HaveMargin>
          <CopyPath>false</CopyPath>
          <FileNameType>SaveAs</FileNameType>
          <DupliType>OverWrite</DupliType>
          <Quality>100</Quality>
          <ShowPreview>true</ShowPreview>
        </CStyleItem>
      </Items>
      <KeyItems>
        <KeyItem>
          <_key>196691</_key>
        </KeyItem>
      </KeyItems>
      <StyleName>保存（有边框）</StyleName>
      <StyleID>7</StyleID>
    </CStyle>
    <CStyle>
      <Items>
        <CStyleItem xsi:type="CRotateStyleItem">
          <Rotate>90</Rotate>
          <VerticalReflection>false</VerticalReflection>
          <HorizonReflection>false</HorizonReflection>
        </CStyleItem>
      </Items>
      <KeyItems>
        <KeyItem>
          <_key>82</_key>
        </KeyItem>
      </KeyItems>
      <StyleName>旋转90度</StyleName>
      <StyleID>8</StyleID>
    </CStyle>
    <CStyle>
      <Items>
        <CStyleItem xsi:type="CRotateStyleItem">
          <Rotate>0</Rotate>
          <VerticalReflection>true</VerticalReflection>
          <HorizonReflection>false</HorizonReflection>
        </CStyleItem>
      </Items>
      <KeyItems>
        <KeyItem>
          <_key>262230</_key>
        </KeyItem>
      </KeyItems>
      <StyleName>垂直翻转</StyleName>
      <StyleID>9</StyleID>
    </CStyle>
    <CStyle>
      <Items>
        <CStyleItem xsi:type="CRotateStyleItem">
          <Rotate>0</Rotate>
          <VerticalReflection>false</VerticalReflection>
          <HorizonReflection>true</HorizonReflection>
        </CStyleItem>
      </Items>
      <KeyItems>
        <KeyItem>
          <_key>262216</_key>
        </KeyItem>
      </KeyItems>
      <StyleName>水平翻转</StyleName>
      <StyleID>10</StyleID>
    </CStyle>
    <CStyle>
      <Items>
        <CStyleItem xsi:type="CScaleStyleItem">
          <Value>10</Value>
          <SetType>Increment</SetType>
          <InterpolationMode>Default</InterpolationMode>
        </CStyleItem>
      </Items>
      <KeyItems>
        <KeyItem>
          <_key>262182</_key>
        </KeyItem>
      </KeyItems>
      <StyleName>扩大</StyleName>
      <StyleID>11</StyleID>
    </CStyle>
    <CStyle>
      <Items>
        <CStyleItem xsi:type="CScaleStyleItem">
          <Value>1</Value>
          <SetType>Increment</SetType>
          <InterpolationMode>Default</InterpolationMode>
        </CStyleItem>
      </Items>
      <KeyItems>
        <KeyItem>
          <_key>327718</_key>
        </KeyItem>
      </KeyItems>
      <StyleName>扩大（微调）</StyleName>
      <StyleID>12</StyleID>
    </CStyle>
    <CStyle>
      <Items>
        <CStyleItem xsi:type="CScaleStyleItem">
          <Value>-10</Value>
          <SetType>Increment</SetType>
          <InterpolationMode>Default</InterpolationMode>
        </CStyleItem>
      </Items>
      <KeyItems>
        <KeyItem>
          <_key>262184</_key>
        </KeyItem>
      </KeyItems>
      <StyleName>缩小</StyleName>
      <StyleID>13</StyleID>
    </CStyle>
    <CStyle>
      <Items>
        <CStyleItem xsi:type="CScaleStyleItem">
          <Value>-1</Value>
          <SetType>Increment</SetType>
          <InterpolationMode>Default</InterpolationMode>
        </CStyleItem>
      </Items>
      <KeyItems>
        <KeyItem>
          <_key>327720</_key>
        </KeyItem>
      </KeyItems>
      <StyleName>缩小（微调）</StyleName>
      <StyleID>14</StyleID>
    </CStyle>
    <CStyle>
      <Items>
        <CStyleItem xsi:type="COpacityStyleItem">
          <Absolute>false</Absolute>
          <Opacity>10</Opacity>
        </CStyleItem>
      </Items>
      <KeyItems>
        <KeyItem>
          <_key>262181</_key>
        </KeyItem>
      </KeyItems>
      <StyleName>增加透明度</StyleName>
      <StyleID>15</StyleID>
    </CStyle>
    <CStyle>
      <Items>
        <CStyleItem xsi:type="COpacityStyleItem">
          <Absolute>false</Absolute>
          <Opacity>1</Opacity>
        </CStyleItem>
      </Items>
      <KeyItems>
        <KeyItem>
          <_key>327717</_key>
        </KeyItem>
      </KeyItems>
      <StyleName>增加透明度（微调）</StyleName>
      <StyleID>16</StyleID>
    </CStyle>
    <CStyle>
      <Items>
        <CStyleItem xsi:type="COpacityStyleItem">
          <Absolute>false</Absolute>
          <Opacity>-10</Opacity>
        </CStyleItem>
      </Items>
      <KeyItems>
        <KeyItem>
          <_key>262183</_key>
        </KeyItem>
      </KeyItems>
      <StyleName>降低透明度</StyleName>
      <StyleID>17</StyleID>
    </CStyle>
    <CStyle>
      <Items>
        <CStyleItem xsi:type="COpacityStyleItem">
          <Absolute>false</Absolute>
          <Opacity>-1</Opacity>
        </CStyleItem>
      </Items>
      <KeyItems>
        <KeyItem>
          <_key>327719</_key>
        </KeyItem>
      </KeyItems>
      <StyleName>降低透明度（微调）</StyleName>
      <StyleID>18</StyleID>
    </CStyle>
    <CStyle>
      <Items>
        <CStyleItem xsi:type="CMoveStyleItem">
          <Top>-50</Top>
          <Left>0</Left>
        </CStyleItem>
      </Items>
      <KeyItems>
        <KeyItem>
          <_key>65574</_key>
        </KeyItem>
      </KeyItems>
      <StyleName>向上移动</StyleName>
      <StyleID>19</StyleID>
    </CStyle>
    <CStyle>
      <Items>
        <CStyleItem xsi:type="CMoveStyleItem">
          <Top>-1</Top>
          <Left>0</Left>
        </CStyleItem>
      </Items>
      <KeyItems>
        <KeyItem>
          <_key>38</_key>
        </KeyItem>
      </KeyItems>
      <StyleName>向上移动（微调）</StyleName>
      <StyleID>20</StyleID>
    </CStyle>
    <CStyle>
      <Items>
        <CStyleItem xsi:type="CMoveStyleItem">
          <Top>50</Top>
          <Left>0</Left>
        </CStyleItem>
      </Items>
      <KeyItems>
        <KeyItem>
          <_key>65576</_key>
        </KeyItem>
      </KeyItems>
      <StyleName>向下移动</StyleName>
      <StyleID>21</StyleID>
    </CStyle>
    <CStyle>
      <Items>
        <CStyleItem xsi:type="CMoveStyleItem">
          <Top>1</Top>
          <Left>0</Left>
        </CStyleItem>
      </Items>
      <KeyItems>
        <KeyItem>
          <_key>40</_key>
        </KeyItem>
      </KeyItems>
      <StyleName>向下移动（微调）</StyleName>
      <StyleID>22</StyleID>
    </CStyle>
    <CStyle>
      <Items>
        <CStyleItem xsi:type="CMoveStyleItem">
          <Top>0</Top>
          <Left>-50</Left>
        </CStyleItem>
      </Items>
      <KeyItems>
        <KeyItem>
          <_key>65573</_key>
        </KeyItem>
      </KeyItems>
      <StyleName>向左移动</StyleName>
      <StyleID>23</StyleID>
    </CStyle>
    <CStyle>
      <Items>
        <CStyleItem xsi:type="CMoveStyleItem">
          <Top>0</Top>
          <Left>-1</Left>
        </CStyleItem>
      </Items>
      <KeyItems>
        <KeyItem>
          <_key>37</_key>
        </KeyItem>
      </KeyItems>
      <StyleName>向左移动（微调）</StyleName>
      <StyleID>24</StyleID>
    </CStyle>
    <CStyle>
      <Items>
        <CStyleItem xsi:type="CMoveStyleItem">
          <Top>0</Top>
          <Left>50</Left>
        </CStyleItem>
      </Items>
      <KeyItems>
        <KeyItem>
          <_key>65575</_key>
        </KeyItem>
      </KeyItems>
      <StyleName>向右移动</StyleName>
      <StyleID>25</StyleID>
    </CStyle>
    <CStyle>
      <Items>
        <CStyleItem xsi:type="CMoveStyleItem">
          <Top>0</Top>
          <Left>1</Left>
        </CStyleItem>
      </Items>
      <KeyItems>
        <KeyItem>
          <_key>39</_key>
        </KeyItem>
      </KeyItems>
      <StyleName>向右移动（微调）</StyleName>
      <StyleID>26</StyleID>
    </CStyle>
    <CStyle>
      <Items>
        <CStyleItem xsi:type="CScaleStyleItem">
          <Value>50</Value>
          <SetType>Fixed</SetType>
          <InterpolationMode>Default</InterpolationMode>
        </CStyleItem>
      </Items>
      <KeyItems>
        <KeyItem>
          <_key>53</_key>
        </KeyItem>
      </KeyItems>
      <StyleName>缩放为50%</StyleName>
      <StyleID>27</StyleID>
    </CStyle>
    <CStyle>
      <Items>
        <CStyleItem xsi:type="CScaleStyleItem">
          <Value>60</Value>
          <SetType>Fixed</SetType>
          <InterpolationMode>Default</InterpolationMode>
        </CStyleItem>
      </Items>
      <KeyItems>
        <KeyItem>
          <_key>54</_key>
        </KeyItem>
      </KeyItems>
      <StyleName>缩放为60%</StyleName>
      <StyleID>28</StyleID>
    </CStyle>
    <CStyle>
      <Items>
        <CStyleItem xsi:type="CScaleStyleItem">
          <Value>70</Value>
          <SetType>Fixed</SetType>
          <InterpolationMode>Default</InterpolationMode>
        </CStyleItem>
      </Items>
      <KeyItems>
        <KeyItem>
          <_key>55</_key>
        </KeyItem>
      </KeyItems>
      <StyleName>缩放为70%</StyleName>
      <StyleID>29</StyleID>
    </CStyle>
    <CStyle>
      <Items>
        <CStyleItem xsi:type="CScaleStyleItem">
          <Value>80</Value>
          <SetType>Fixed</SetType>
          <InterpolationMode>Default</InterpolationMode>
        </CStyleItem>
      </Items>
      <KeyItems>
        <KeyItem>
          <_key>56</_key>
        </KeyItem>
      </KeyItems>
      <StyleName>缩放为80%</StyleName>
      <StyleID>30</StyleID>
    </CStyle>
    <CStyle>
      <Items>
        <CStyleItem xsi:type="CScaleStyleItem">
          <Value>90</Value>
          <SetType>Fixed</SetType>
          <InterpolationMode>Default</InterpolationMode>
        </CStyleItem>
      </Items>
      <KeyItems>
        <KeyItem>
          <_key>57</_key>
        </KeyItem>
      </KeyItems>
      <StyleName>缩放为90%</StyleName>
      <StyleID>31</StyleID>
    </CStyle>
    <CStyle>
      <Items>
        <CStyleItem xsi:type="CScaleStyleItem">
          <Value>100</Value>
          <SetType>Fixed</SetType>
          <InterpolationMode>Default</InterpolationMode>
        </CStyleItem>
      </Items>
      <KeyItems>
        <KeyItem>
          <_key>48</_key>
        </KeyItem>
      </KeyItems>
      <StyleName>缩放为100%</StyleName>
      <StyleID>32</StyleID>
    </CStyle>
    <CStyle>
      <Items>
        <CStyleItem xsi:type="CScaleStyleItem">
          <Value>150</Value>
          <SetType>Fixed</SetType>
          <InterpolationMode>Default</InterpolationMode>
        </CStyleItem>
      </Items>
      <KeyItems />
      <StyleName>缩放为150%</StyleName>
      <StyleID>33</StyleID>
    </CStyle>
    <CStyle>
      <Items>
        <CStyleItem xsi:type="CMarginStyleItem">
          <MarginSize>1</MarginSize>
          <MarginColorRed>169</MarginColorRed>
          <MarginColorGreen>169</MarginColorGreen>
          <MarginColorBlue>169</MarginColorBlue>
          <BorderStyle>0</BorderStyle>
          <TopMost>true</TopMost>
        </CStyleItem>
      </Items>
      <KeyItems>
        <KeyItem>
          <_key>49</_key>
        </KeyItem>
      </KeyItems>
      <StyleName>立体边框</StyleName>
      <StyleID>34</StyleID>
    </CStyle>
    <CStyle>
      <Items>
        <CStyleItem xsi:type="CMarginStyleItem">
          <MarginSize>1</MarginSize>
          <MarginColorRed>255</MarginColorRed>
          <MarginColorGreen>128</MarginColorGreen>
          <MarginColorBlue>64</MarginColorBlue>
          <BorderStyle>1</BorderStyle>
          <TopMost>true</TopMost>
        </CStyleItem>
      </Items>
      <KeyItems>
        <KeyItem>
          <_key>50</_key>
        </KeyItem>
      </KeyItems>
      <StyleName>单色边框</StyleName>
      <StyleID>35</StyleID>
    </CStyle>
    <CStyle>
      <Items>
        <CStyleItem xsi:type="CMarginStyleItem">
          <MarginSize>1</MarginSize>
          <MarginColorRed>169</MarginColorRed>
          <MarginColorGreen>169</MarginColorGreen>
          <MarginColorBlue>169</MarginColorBlue>
          <BorderStyle>2</BorderStyle>
          <TopMost>true</TopMost>
        </CStyleItem>
      </Items>
      <KeyItems>
        <KeyItem>
          <_key>51</_key>
        </KeyItem>
      </KeyItems>
      <StyleName>窗口化</StyleName>
      <StyleID>36</StyleID>
    </CStyle>
    <CStyle>
      <Items>
        <CStyleItem xsi:type="CMarginStyleItem">
          <MarginSize>0</MarginSize>
          <MarginColorRed>169</MarginColorRed>
          <MarginColorGreen>169</MarginColorGreen>
          <MarginColorBlue>169</MarginColorBlue>
          <BorderStyle>1</BorderStyle>
          <TopMost>true</TopMost>
        </CStyleItem>
      </Items>
      <KeyItems>
        <KeyItem>
          <_key>76</_key>
        </KeyItem>
      </KeyItems>
      <StyleName>无边框</StyleName>
      <StyleID>37</StyleID>
    </CStyle>
    <CStyle>
      <Items>
        <CStyleItem xsi:type="CCloseStyleItem" />
      </Items>
      <KeyItems>
        <KeyItem>
          <_key>81</_key>
        </KeyItem>
      </KeyItems>
      <StyleName>关闭</StyleName>
      <StyleID>38</StyleID>
    </CStyle>
    <CStyle>
      <Items>
        <CStyleItem xsi:type="CMarginStyleItem">
          <MarginSize>1</MarginSize>
          <MarginColorRed>169</MarginColorRed>
          <MarginColorGreen>169</MarginColorGreen>
          <MarginColorBlue>169</MarginColorBlue>
          <BorderStyle>0</BorderStyle>
          <TopMost>true</TopMost>
        </CStyleItem>
        <CStyleItem xsi:type="COpacityStyleItem">
          <Absolute>true</Absolute>
          <Opacity>95</Opacity>
        </CStyleItem>
      </Items>
      <KeyItems />
      <StyleName>基本自动操作</StyleName>
      <StyleID>39</StyleID>
    </CStyle>
    <CStyle>
      <Items>
        <CStyleItem xsi:type="CCompactStyleItem">
          <Opacity>80</Opacity>
          <LineColor>-16776961</LineColor>
          <SoldLine>false</SoldLine>
        </CStyleItem>
      </Items>
      <KeyItems />
      <StyleName>收缩</StyleName>
      <StyleID>40</StyleID>
    </CStyle>
    <CStyle>
      <Items>
        <CStyleItem xsi:type="CTrimStyleItem" />
      </Items>
      <KeyItems>
        <KeyItem>
          <_key>84</_key>
        </KeyItem>
      </KeyItems>
      <StyleName>修剪</StyleName>
      <StyleID>41</StyleID>
    </CStyle>
  </Styles>
  <ApplicationPath>D:\SETUNA\SETUNA.exe</ApplicationPath>
  <ApplicationVersion>2.2.1.0</ApplicationVersion>
  <OptionVersion>1.0</OptionVersion>
  <ScrapHotKey>131121</ScrapHotKey>
  <ScrapHotKeyEnable>false</ScrapHotKeyEnable>
</SetunaOption>