[{"E:\\J-web\\new-web\\yundao\\yundao.html": "UTF-8"}, {"E:\\R-\u8f6f\u4ef6\u5305\\Sublime Text3\u5e26\u63d2\u4ef6\\Data\\Packages\\User\\Preferences.sublime-settings": "ASCII"}, {"E:\\J-web\\gitDemo\\README.md": "ASCII"}, {"E:\\J-web\\gitDemo\\html\\m-web-sn\\js\\index.js": "UTF-8"}, {"D:\\360\u5b89\u5168\u6d4f\u89c8\u5668\u4e0b\u8f7d\\bootstrap-3.3.7\\less\\dropdowns.less": "ASCII"}, {"D:\\360\u5b89\u5168\u6d4f\u89c8\u5668\u4e0b\u8f7d\\bootstrap-3.3.7\\less\\mixins\\text-overflow.less": "ASCII"}, {"D:\\360\u5b89\u5168\u6d4f\u89c8\u5668\u4e0b\u8f7d\\bootstrap-3.3.7\\less\\mixins\\text-emphasis.less": "ASCII"}, {"D:\\360\u5b89\u5168\u6d4f\u89c8\u5668\u4e0b\u8f7d\\bootstrap-3.3.7\\less\\mixins\\table-row.less": "ASCII"}, {"D:\\360\u5b89\u5168\u6d4f\u89c8\u5668\u4e0b\u8f7d\\bootstrap-3.3.7\\less\\mixins\\tab-focus.less": "ASCII"}, {"D:\\360\u5b89\u5168\u6d4f\u89c8\u5668\u4e0b\u8f7d\\bootstrap-3.3.7\\less\\mixins\\size.less": "ASCII"}, {"D:\\360\u5b89\u5168\u6d4f\u89c8\u5668\u4e0b\u8f7d\\bootstrap-3.3.7\\less\\mixins\\responsive-visibility.less": "ASCII"}, {"D:\\360\u5b89\u5168\u6d4f\u89c8\u5668\u4e0b\u8f7d\\bootstrap-3.3.7\\less\\mixins\\resize.less": "ASCII"}, {"D:\\360\u5b89\u5168\u6d4f\u89c8\u5668\u4e0b\u8f7d\\bootstrap-3.3.7\\less\\mixins\\vendor-prefixes.less": "ASCII"}, {"D:\\360\u5b89\u5168\u6d4f\u89c8\u5668\u4e0b\u8f7d\\bootstrap-3.3.7\\less\\mixins\\reset-text.less": "ASCII"}, {"D:\\360\u5b89\u5168\u6d4f\u89c8\u5668\u4e0b\u8f7d\\bootstrap-3.3.7\\less\\mixins\\progress-bar.less": "ASCII"}, {"D:\\360\u5b89\u5168\u6d4f\u89c8\u5668\u4e0b\u8f7d\\bootstrap-3.3.7\\less\\mixins\\reset-filter.less": "ASCII"}, {"D:\\360\u5b89\u5168\u6d4f\u89c8\u5668\u4e0b\u8f7d\\bootstrap-3.3.7\\less\\mixins\\panels.less": "ASCII"}, {"D:\\360\u5b89\u5168\u6d4f\u89c8\u5668\u4e0b\u8f7d\\bootstrap-3.3.7\\less\\mixins\\pagination.less": "ASCII"}, {"D:\\360\u5b89\u5168\u6d4f\u89c8\u5668\u4e0b\u8f7d\\bootstrap-3.3.7\\less\\mixins\\opacity.less": "ASCII"}, {"D:\\360\u5b89\u5168\u6d4f\u89c8\u5668\u4e0b\u8f7d\\bootstrap-3.3.7\\less\\mixins\\nav-vertical-align.less": "ASCII"}, {"D:\\360\u5b89\u5168\u6d4f\u89c8\u5668\u4e0b\u8f7d\\bootstrap-3.3.7\\less\\mixins\\nav-divider.less": "ASCII"}, {"D:\\360\u5b89\u5168\u6d4f\u89c8\u5668\u4e0b\u8f7d\\bootstrap-3.3.7\\less\\mixins\\list-group.less": "ASCII"}, {"D:\\360\u5b89\u5168\u6d4f\u89c8\u5668\u4e0b\u8f7d\\bootstrap-3.3.7\\less\\mixins\\labels.less": "ASCII"}, {"D:\\360\u5b89\u5168\u6d4f\u89c8\u5668\u4e0b\u8f7d\\bootstrap-3.3.7\\less\\mixins\\image.less": "ASCII"}, {"D:\\360\u5b89\u5168\u6d4f\u89c8\u5668\u4e0b\u8f7d\\bootstrap-3.3.7\\less\\mixins\\hide-text.less": "ASCII"}, {"D:\\360\u5b89\u5168\u6d4f\u89c8\u5668\u4e0b\u8f7d\\bootstrap-3.3.7\\less\\mixins\\grid-framework.less": "ASCII"}, {"D:\\360\u5b89\u5168\u6d4f\u89c8\u5668\u4e0b\u8f7d\\bootstrap-3.3.7\\less\\mixins\\grid.less": "ASCII"}, {"D:\\360\u5b89\u5168\u6d4f\u89c8\u5668\u4e0b\u8f7d\\bootstrap-3.3.7\\less\\mixins\\gradients.less": "ASCII"}, {"D:\\360\u5b89\u5168\u6d4f\u89c8\u5668\u4e0b\u8f7d\\bootstrap-3.3.7\\less\\bootstrap.less": "ASCII"}, {"D:\\360\u5b89\u5168\u6d4f\u89c8\u5668\u4e0b\u8f7d\\bootstrap-3.3.7\\less\\mixins\\forms.less": "ASCII"}, {"D:\\360\u5b89\u5168\u6d4f\u89c8\u5668\u4e0b\u8f7d\\bootstrap-3.3.7\\less\\mixins\\buttons.less": "ASCII"}, {"D:\\360\u5b89\u5168\u6d4f\u89c8\u5668\u4e0b\u8f7d\\bootstrap-3.3.7\\less\\mixins\\background-variant.less": "ASCII"}, {"D:\\360\u5b89\u5168\u6d4f\u89c8\u5668\u4e0b\u8f7d\\bootstrap-3.3.7\\less\\mixins.less": "ASCII"}, {"D:\\360\u5b89\u5168\u6d4f\u89c8\u5668\u4e0b\u8f7d\\bootstrap-3.3.7\\less\\mixins\\clearfix.less": "ASCII"}, {"D:\\360\u5b89\u5168\u6d4f\u89c8\u5668\u4e0b\u8f7d\\bootstrap-3.3.7\\less\\normalize.less": "ASCII"}, {"D:\\360\u5b89\u5168\u6d4f\u89c8\u5668\u4e0b\u8f7d\\bootstrap-3.3.7\\less\\close.less": "ASCII"}, {"D:\\360\u5b89\u5168\u6d4f\u89c8\u5668\u4e0b\u8f7d\\bootstrap-3.3.7\\less\\alerts.less": "ASCII"}, {"D:\\360\u5b89\u5168\u6d4f\u89c8\u5668\u4e0b\u8f7d\\bootstrap-3.3.7\\less\\variables.less": "ASCII"}, {"D:\\360\u5b89\u5168\u6d4f\u89c8\u5668\u4e0b\u8f7d\\bootstrap-3.3.7\\less\\utilities.less": "ASCII"}, {"E:\\\u767e\u5ea6\u4e91\u4e0b\u8f7d\\\u5b66\u4e60\u5305\\m-web05\\04-\u4ee3\u7801\\weijinsuo\\less\\variables.less": "UTF-8"}, {"E:\\\u767e\u5ea6\u4e91\u4e0b\u8f7d\\\u5b66\u4e60\u5305\\m-web05\\04-\u4ee3\u7801\\weijinsuo\\less\\main.less": "UTF-8"}, {"E:\\\u767e\u5ea6\u4e91\u4e0b\u8f7d\\04-\u4ee3\u7801\\weijinsuo\\lib\\iscroll\\iscroll.js": "ASCII"}, {"E:\\J-web\\gitDemo\\css\\base.css": "UTF-8"}, {"D:\\360\u5b89\u5168\u6d4f\u89c8\u5668\u4e0b\u8f7d\\layuiAdmin-master\\page\\dist\\views\\index.html": "UTF-8"}, {"E:\\J-web\\web-common.html": "UTF-8"}, {"E:\\J-web\\gitDemo\\html\\wjs\\js\\index2.js": "UTF-8"}, {"D:\\wamp64\\bin\\apache\\apache2.4.35\\conf\\extra\\httpd-vhosts.conf": "ASCII"}, {"D:\\wamp64\\bin\\apache\\apache2.4.35\\conf\\httpd.conf": "ASCII"}, {"H:\\wamp\\bin\\apache\\Apache2.2.21\\conf\\httpd.conf": "UTF-8"}, {"E:\\\u767e\u5ea6\u4e91\u4e0b\u8f7d\\04-\u4ee3\u7801\\jdM\\js\\index.js": "UTF-8"}, {"E:\\jd-app\\\u591a\u5feb\u597d\u7701\uff0c\u8d2d\u7269\u4e0a\u4eac\u4e1c\uff01.html": "UTF-8"}, {"E:\\github\\shuili\\README.md": "ASCII"}, {"E:\\github\\shuili\\route\\routeController.js": "ASCII"}, {"E:\\github\\shuili\\package\\errTip.js": "UTF-8"}, {"E:\\github\\shuili\\controller\\adminController.js": "UTF-8"}, {"E:\\github\\shuili\\assets\\css\\ui_base.css": "ASCII"}, {"E:\\github\\shuili\\common\\common.js": "UTF-8"}, {"E:\\github\\shuili\\config\\config.js": "UTF-8"}, {"E:\\github\\shuili\\data\\data.js": "UTF-8"}, {"E:\\web\\12.9\\\u6c34\u5229\\program\\Server\\admin\\index.html": "UTF-8"}, {"E:\\web\\12.9\\\u6c34\u5229\\program\\Server\\admin\\login.html": "UTF-8"}, {"H:\\r_\u8f6f\u4ef6\\\u8f6f\u4ef6\u5927\u5168\\Windows\\win 7\\WIN7_Activation(\u65d7\u8230)\\WIN7_Activation\\Keys.ini": "ASCII"}, {"D:\\Program Files\\JetBrains\\PhpStorm 2018.2.3\\bin\\phpstorm64.exe.vmoptions": "ASCII"}, {"D:\\\u767e\u5ea6\u4e91\u4e0b\u8f7d\\01-\u8bfe\u4ef6\\04-\u4ee3\u7801\\jdM\\css\\base.css": "UTF-8"}, {"D:\\jd-app\\\u591a\u5feb\u597d\u7701\uff0c\u8d2d\u7269\u4e0a\u4eac\u4e1c\uff01_files\\index.a8fa06769a9eede1898b.js": "UTF-8"}, {"D:\\jd-app\\\u591a\u5feb\u597d\u7701\uff0c\u8d2d\u7269\u4e0a\u4eac\u4e1c\uff01_files\\index.a8fa06769a9eede1898b.js.\u4e0b\u8f7d": "UTF-8"}, {"D:\\jd-app\\\u591a\u5feb\u597d\u7701\uff0c\u8d2d\u7269\u4e0a\u4eac\u4e1c\uff01_files\\unify.min.js.\u4e0b\u8f7d": "UTF-8"}, {"D:\\jd-app\\\u591a\u5feb\u597d\u7701\uff0c\u8d2d\u7269\u4e0a\u4eac\u4e1c\uff01_files\\spdtimming.new.201810171112.js.\u4e0b\u8f7d": "ASCII"}, {"D:\\jd-app\\\u591a\u5feb\u597d\u7701\uff0c\u8d2d\u7269\u4e0a\u4eac\u4e1c\uff01_files\\m.xstorage.hub.min.js.\u4e0b\u8f7d": "ASCII"}, {"D:\\jd-app\\\u591a\u5feb\u597d\u7701\uff0c\u8d2d\u7269\u4e0a\u4eac\u4e1c\uff01_files\\jd.m.smartbox.min.js.\u4e0b\u8f7d": "UTF-8"}, {"D:\\web\\asset\\css\\base.css": "UTF-8"}, {"D:\\web\\gitDemo\\js\\common.js": "UTF-8"}, {"D:\\\u767e\u5ea6\u4e91\u4e0b\u8f7d\\day\\readme\\canvas.md": "UTF-8"}, {"D:\\\u767e\u5ea6\u4e91\u4e0b\u8f7d\\h5c3\u8d44\u6599\\5-\u4f5c\u4e1a\\1-\u52a8\u753b-\u5b87\u5b99.html": "UTF-8"}, {"D:\\github\\wapei\\ui-classify.html": "UTF-8"}, {"D:\\github\\wapei\\common\\mn.loading.js": "UTF-8"}, {"D:\\github\\wapei\\http\\mn.http.js": "UTF-8"}, {"D:\\github\\wapei\\common\\mn.common.js": "UTF-8"}, {"D:\\github\\wapei\\common\\mn.utility.js": "UTF-8"}, {"D:\\github\\lyj-admin\\admin\\controller\\admin.js": "UTF-8"}, {"D:\\github\\lyj-admin\\admin\\config\\consts.js": "UTF-8"}, {"D:\\github\\lyj-admin\\admin\\common\\modal.js": "ASCII"}, {"D:\\github\\lyj-admin\\admin\\common\\common.js": "UTF-8"}, {"D:\\web\\12.9\\cheya\\program\\server\\admin\\controller\\mn.LoginController.js": "UTF-8"}, {"D:\\web\\12.9\\cheya\\program\\server\\admin\\controller\\mn.login.validate.js": "ASCII"}, {"D:\\web\\12.9\\cheya\\program\\server\\admin\\index.html": "UTF-8"}, {"D:\\web\\12.9\\work\\program\\Server\\admin\\controller\\userList_question_detials.js": "UTF-8"}, {"D:\\github\\wordpress\\README.md": "UTF-8"}, {"D:\\web\\gitDemo\\html\\h5d03\\13-HTML5-\u6848\u4f8b-android\u673a\u5668\u4eba.html": "UTF-8"}, {"D:\\\u767e\u5ea6\u4e91\u4e0b\u8f7d\\h5c3\u8d44\u6599\\5-\u4f5c\u4e1a\\01-web\u5b58\u50a8-\u767b\u5f55.html": "UTF-8"}, {"D:\\web\\gitDemo\\html\\h5d02\\h5\u5e94\u7528\u7f13\u5b58.html": "UTF-8"}, {"D:\\\u767e\u5ea6\u4e91\u4e0b\u8f7d\\h5c3\u8d44\u6599\\4-\u4ee3\u7801\\js\\11-HTML5-\u89c6\u9891\u64ad\u653e\u5668-.html": "UTF-8"}, {"D:\\\u767e\u5ea6\u4e91\u4e0b\u8f7d\\h5c3\u8d44\u6599\\4-\u4ee3\u7801\\js\\demo.appcache": "UTF-8"}, {"D:\\\u767e\u5ea6\u4e91\u4e0b\u8f7d\\h5c3\u8d44\u6599\\4-\u4ee3\u7801\\js\\10-HTML5-\u5e94\u7528\u7f13\u5b58.html": "UTF-8"}, {"D:\\\u767e\u5ea6\u4e91\u4e0b\u8f7d\\h5c3\u8d44\u6599\\4-\u4ee3\u7801\\js\\08-HTML5-sessionStorage\u7684\u4f7f\u7528.html": "UTF-8"}, {"D:\\\u767e\u5ea6\u4e91\u4e0b\u8f7d\\h5c3\u8d44\u6599\\4-\u4ee3\u7801\\js\\09-HTML5-localStorage\u7684\u4f7f\u7528.html": "UTF-8"}, {"D:\\\u767e\u5ea6\u4e91\u4e0b\u8f7d\\h5c3\u8d44\u6599\\4-\u4ee3\u7801\\demo\\05-HTML5-\u62d6\u62fd\u63a5\u53e3\u7684\u4f7f\u7528-\u901a\u7528.html": "UTF-8"}, {"D:\\\u767e\u5ea6\u4e91\u4e0b\u8f7d\\h5c3\u8d44\u6599\\4-\u4ee3\u7801\\demo\\04-HTML5-\u62d6\u62fd\u63a5\u53e3\u7684\u4f7f\u7528.html": "UTF-8"}, {"D:\\\u767e\u5ea6\u4e91\u4e0b\u8f7d\\h5c3\u8d44\u6599\\4-\u4ee3\u7801\\demo\\03-HTML5-FileReader\u7684\u4f7f\u7528.html": "UTF-8"}, {"D:\\\u767e\u5ea6\u4e91\u4e0b\u8f7d\\h5c3\u8d44\u6599\\4-\u4ee3\u7801\\demo\\02-HTML5-\u5168\u5c4f\u63a5\u53e3\u7684\u4f7f\u7528.html": "UTF-8"}]